<?xml version="1.0" encoding="UTF-8"?>
<objects serializationModel="Studio.02.00.00">
	<object class="AudioFile" id="{5cdaadaf-9fa3-4542-8a8e-3eb0aeaa6e6d}">
		<property name="assetPath">
			<value>Pickup Item.wav</value>
		</property>
		<property name="frequencyInKHz">
			<value>48</value>
		</property>
		<property name="channelCount">
			<value>2</value>
		</property>
		<property name="length">
			<value>0.0935</value>
		</property>
		<relationship name="masterAssetFolder">
			<destination>{440af042-e9b6-4ca6-8c37-d0d1039c71b3}</destination>
		</relationship>
	</object>
</objects>
