<?xml version="1.0" encoding="UTF-8"?>
<objects serializationModel="Studio.02.00.00">
	<object class="AudioFile" id="{8ea5dc02-33d3-4b25-96bc-769e70e8ffb0}">
		<property name="assetPath">
			<value>Briefcase Open.wav</value>
		</property>
		<property name="frequencyInKHz">
			<value>48</value>
		</property>
		<property name="channelCount">
			<value>2</value>
		</property>
		<property name="length">
			<value>0.6097083333333333</value>
		</property>
		<relationship name="masterAssetFolder">
			<destination>{440af042-e9b6-4ca6-8c37-d0d1039c71b3}</destination>
		</relationship>
	</object>
</objects>
