<?xml version="1.0" encoding="UTF-8"?>
<objects serializationModel="Studio.02.00.00">
	<object class="AudioFile" id="{b60673c9-4cf2-4434-9520-927fc63ee29c}">
		<property name="assetPath">
			<value>Remove Item.wav</value>
		</property>
		<property name="frequencyInKHz">
			<value>48</value>
		</property>
		<property name="channelCount">
			<value>2</value>
		</property>
		<property name="length">
			<value>0.19418750000000001</value>
		</property>
		<relationship name="masterAssetFolder">
			<destination>{440af042-e9b6-4ca6-8c37-d0d1039c71b3}</destination>
		</relationship>
	</object>
</objects>
