<?xml version="1.0" encoding="UTF-8"?>
<objects serializationModel="Studio.02.00.00">
	<object class="AudioFile" id="{c6a64572-da4f-4cb1-8055-642910e397ed}">
		<property name="assetPath">
			<value>Item in Briefcase.wav</value>
		</property>
		<property name="frequencyInKHz">
			<value>48</value>
		</property>
		<property name="channelCount">
			<value>2</value>
		</property>
		<property name="length">
			<value>0.30941666666666667</value>
		</property>
		<relationship name="masterAssetFolder">
			<destination>{440af042-e9b6-4ca6-8c37-d0d1039c71b3}</destination>
		</relationship>
	</object>
</objects>
