<?xml version="1.0" encoding="UTF-8"?>
<objects serializationModel="Studio.02.00.00">
	<object class="MixerReturn" id="{294914c2-e404-431d-aaa4-5ac1b31ffbfc}">
		<property name="overridingInputFormat">
			<value>2</value>
		</property>
		<property name="inputFormatOverridden">
			<value>true</value>
		</property>
		<property name="name">
			<value>Reverb</value>
		</property>
		<relationship name="effectChain">
			<destination>{235f0bab-4351-44c8-82e2-dd54f2799f48}</destination>
		</relationship>
		<relationship name="panner">
			<destination>{260bc939-c55b-428a-9094-c0c57ec26e20}</destination>
		</relationship>
		<relationship name="output">
			<destination>{f6811858-c908-4f37-b910-d99e7c00cbef}</destination>
		</relationship>
	</object>
	<object class="MixerBusEffectChain" id="{235f0bab-4351-44c8-82e2-dd54f2799f48}">
		<relationship name="effects">
			<destination>{8fe15eec-cd9e-46b0-bc51-59c538c5e47a}</destination>
			<destination>{62c4b0d7-736a-4fba-b5a9-9edc31589417}</destination>
		</relationship>
	</object>
	<object class="MixerBusPanner" id="{260bc939-c55b-428a-9094-c0c57ec26e20}" />
	<object class="SFXReverbEffect" id="{8fe15eec-cd9e-46b0-bc51-59c538c5e47a}">
		<property name="wetLevel">
			<value>0</value>
		</property>
		<property name="dryLevel">
			<value>-80</value>
		</property>
	</object>
	<object class="MixerBusFader" id="{62c4b0d7-736a-4fba-b5a9-9edc31589417}" />
</objects>
