<?xml version="1.0" encoding="UTF-8"?>
<objects serializationModel="Studio.02.00.00">
	<object class="EncodingSetting" id="{677ae856-d09b-45e4-ae0c-74cd7b6ba6df}">
		<property name="encodingFormat">
			<value>3</value>
		</property>
		<property name="quality">
			<value>37</value>
		</property>
		<relationship name="platform">
			<destination>{b03feeca-f492-44ca-9057-f82021ab205f}</destination>
		</relationship>
		<relationship name="encodable">
			<destination>{b03feeca-f492-44ca-9057-f82021ab205f}</destination>
		</relationship>
	</object>
</objects>
